gen,enc,dec,tot,size,algorithm
0.009178,0.018266,0.006804,0.034249,512,CONIC
0.016015,0.016879,0.006680,0.039575,512,CONIC
0.035992,0.016964,0.006323,0.059278,512,CONIC
0.013614,0.015972,0.006170,0.035755,512,CONIC
0.009089,0.016799,0.007099,0.032987,512,CONIC
0.008761,0.016923,0.006555,0.032239,512,CONIC
0.009012,0.016633,0.006471,0.032116,512,CONIC
0.013870,0.016295,0.006521,0.036685,512,CONIC
0.008571,0.017109,0.006584,0.032264,512,CONIC
0.013875,0.017505,0.006497,0.037877,512,CONIC
0.008921,0.016546,0.006565,0.032032,512,CONIC
0.019134,0.016665,0.007123,0.042921,512,CONIC
0.009519,0.016591,0.006541,0.032651,512,CONIC
0.014090,0.016864,0.006569,0.037523,512,CONIC
0.008564,0.016542,0.006686,0.031792,512,CONIC
0.014438,0.016456,0.006271,0.037166,512,CONIC
0.013970,0.016116,0.006229,0.036316,512,CONIC
0.035270,0.016404,0.006506,0.058180,512,CONIC
0.015071,0.017313,0.006438,0.038822,512,CONIC
0.014157,0.016023,0.006575,0.036755,512,CONIC
0.008525,0.016429,0.006691,0.031645,512,CONIC
0.009612,0.016173,0.006332,0.032117,512,CONIC
0.024648,0.016280,0.006617,0.047545,512,CONIC
0.020967,0.017690,0.006728,0.045386,512,CONIC
0.008746,0.016549,0.006675,0.031969,512,CONIC
0.009549,0.016758,0.006468,0.032775,512,CONIC
0.008357,0.015967,0.006294,0.030617,512,CONIC
0.008484,0.016072,0.006474,0.031029,512,CONIC
0.014586,0.016916,0.006355,0.037857,512,CONIC
0.008608,0.016354,0.006531,0.031494,512,CONIC
0.014009,0.016370,0.006526,0.036905,512,CONIC
0.050124,0.016253,0.006521,0.072897,512,CONIC
0.019742,0.016616,0.006300,0.042658,512,CONIC
0.013878,0.016101,0.006402,0.036382,512,CONIC
0.008869,0.017169,0.006622,0.032660,512,CONIC
0.014616,0.019417,0.006787,0.040820,512,CONIC
0.023791,0.016609,0.006250,0.046650,512,CONIC
0.008767,0.016618,0.006304,0.031689,512,CONIC
0.009289,0.016501,0.006382,0.032172,512,CONIC
0.008803,0.018361,0.006568,0.033732,512,CONIC
0.031422,0.016805,0.006377,0.054604,512,CONIC
0.014056,0.019163,0.006411,0.039630,512,CONIC
0.014069,0.017292,0.007149,0.038510,512,CONIC
0.009033,0.016588,0.006641,0.032261,512,CONIC
0.009144,0.016608,0.006660,0.032411,512,CONIC
0.010704,0.016686,0.006750,0.034140,512,CONIC
0.015298,0.016802,0.006353,0.038452,512,CONIC
0.019660,0.016556,0.006425,0.042641,512,CONIC
0.019818,0.016318,0.006554,0.042689,512,CONIC
0.013985,0.016595,0.006469,0.037049,512,CONIC
0.024913,0.017211,0.006962,0.049086,512,CONIC
0.014577,0.016637,0.006358,0.037571,512,CONIC
0.019069,0.015831,0.006342,0.041242,512,CONIC
0.020214,0.015762,0.006082,0.042058,512,CONIC
0.018276,0.015370,0.006085,0.039731,512,CONIC
0.028371,0.016135,0.006032,0.050538,512,CONIC
0.017975,0.015647,0.006190,0.039813,512,CONIC
0.013433,0.015615,0.006206,0.035254,512,CONIC
0.018031,0.015380,0.006228,0.039639,512,CONIC
0.024248,0.015451,0.006097,0.045796,512,CONIC
0.023312,0.015869,0.006252,0.045434,512,CONIC
0.008139,0.015592,0.006387,0.030118,512,CONIC
0.069958,0.017216,0.006857,0.094031,512,CONIC
0.009687,0.016953,0.006686,0.033325,512,CONIC
0.009287,0.016455,0.006230,0.031973,512,CONIC
0.008648,0.016620,0.006332,0.031600,512,CONIC
0.009357,0.016655,0.006557,0.032569,512,CONIC
0.014725,0.016055,0.006366,0.037146,512,CONIC
0.014231,0.017078,0.006610,0.037919,512,CONIC
0.019147,0.016392,0.006291,0.041830,512,CONIC
0.008549,0.016845,0.006455,0.031849,512,CONIC
0.008621,0.016294,0.006450,0.031365,512,CONIC
0.013863,0.015609,0.007537,0.037008,512,CONIC
0.009170,0.016146,0.006475,0.031792,512,CONIC
0.008713,0.016655,0.006327,0.031695,512,CONIC
0.009211,0.016640,0.006350,0.032201,512,CONIC
0.008821,0.016074,0.006317,0.031212,512,CONIC
0.014063,0.017604,0.006556,0.038223,512,CONIC
0.008691,0.016728,0.006450,0.031869,512,CONIC
0.008973,0.016778,0.006344,0.032095,512,CONIC
0.008504,0.016183,0.006477,0.031165,512,CONIC
0.009977,0.016680,0.006451,0.033107,512,CONIC
0.014508,0.016266,0.006504,0.037278,512,CONIC
0.013730,0.015997,0.006137,0.035865,512,CONIC
0.015313,0.016146,0.006385,0.037843,512,CONIC
0.028687,0.016726,0.006444,0.051857,512,CONIC
0.008419,0.017240,0.006455,0.032114,512,CONIC
0.008538,0.016023,0.006399,0.030961,512,CONIC
0.026423,0.016619,0.006344,0.049386,512,CONIC
0.014128,0.015943,0.006227,0.036297,512,CONIC
0.009277,0.015679,0.006139,0.031095,512,CONIC
0.008765,0.016463,0.006236,0.031464,512,CONIC
0.008548,0.016392,0.006321,0.031262,512,CONIC
0.025058,0.015742,0.006147,0.046946,512,CONIC
0.008618,0.015773,0.006025,0.030416,512,CONIC
0.023088,0.015319,0.005973,0.044379,512,CONIC
0.018111,0.015021,0.005958,0.039090,512,CONIC
0.008698,0.015061,0.006056,0.029815,512,CONIC
0.007795,0.015160,0.005800,0.028756,512,CONIC
0.008216,0.015270,0.005773,0.029258,512,CONIC
0.188955,0.092164,0.036310,0.317430,1024,CONIC
0.048839,0.092126,0.035734,0.176698,1024,CONIC
0.047299,0.090946,0.035612,0.173857,1024,CONIC
0.047727,0.092760,0.036059,0.176546,1024,CONIC
0.071682,0.087178,0.034314,0.193175,1024,CONIC
0.073701,0.086508,0.034867,0.195075,1024,CONIC
0.176558,0.086733,0.033934,0.297225,1024,CONIC
0.043907,0.093563,0.036532,0.174002,1024,CONIC
0.049582,0.086782,0.035979,0.172343,1024,CONIC
0.071372,0.084687,0.035791,0.191850,1024,CONIC
0.097297,0.085048,0.033995,0.216340,1024,CONIC
0.122047,0.084671,0.033600,0.240319,1024,CONIC
0.042741,0.087210,0.033876,0.163826,1024,CONIC
0.071201,0.085637,0.034095,0.190933,1024,CONIC
0.043027,0.083346,0.034813,0.161186,1024,CONIC
0.072872,0.084869,0.033711,0.191452,1024,CONIC
0.071237,0.084849,0.033898,0.189985,1024,CONIC
0.149526,0.089435,0.036632,0.275593,1024,CONIC
0.047442,0.092461,0.035495,0.175399,1024,CONIC
0.130250,0.089690,0.035378,0.255317,1024,CONIC
0.046947,0.090781,0.036070,0.173799,1024,CONIC
0.073962,0.089024,0.035597,0.198584,1024,CONIC
0.129379,0.091899,0.036178,0.257457,1024,CONIC
0.045938,0.088602,0.035412,0.169952,1024,CONIC
0.046346,0.090382,0.036157,0.172885,1024,CONIC
0.046148,0.086151,0.035086,0.167385,1024,CONIC
0.045902,0.087522,0.033603,0.167027,1024,CONIC
0.043268,0.086991,0.034496,0.164755,1024,CONIC
0.150391,0.084134,0.034018,0.268543,1024,CONIC
0.071448,0.085250,0.035736,0.192434,1024,CONIC
0.100231,0.086317,0.034182,0.220730,1024,CONIC
0.224661,0.084898,0.035351,0.344910,1024,CONIC
0.074127,0.086424,0.034417,0.194968,1024,CONIC
0.072813,0.084263,0.034169,0.191246,1024,CONIC
0.102908,0.086798,0.033821,0.223526,1024,CONIC
0.070968,0.085969,0.033006,0.189943,1024,CONIC
0.095407,0.089974,0.034616,0.219997,1024,CONIC
0.070729,0.087497,0.034375,0.192602,1024,CONIC
0.043536,0.085582,0.034054,0.163172,1024,CONIC
0.045495,0.089184,0.034360,0.169039,1024,CONIC
0.073153,0.089023,0.035193,0.197370,1024,CONIC
0.047409,0.091343,0.035973,0.174725,1024,CONIC
0.073331,0.091840,0.035831,0.201002,1024,CONIC
0.047751,0.090611,0.035926,0.174288,1024,CONIC
0.045807,0.092173,0.036870,0.174850,1024,CONIC
0.045971,0.090237,0.035118,0.171326,1024,CONIC
0.101483,0.091223,0.036006,0.228712,1024,CONIC
0.074473,0.090831,0.035689,0.200993,1024,CONIC
0.046836,0.088590,0.034238,0.169664,1024,CONIC
0.101912,0.086476,0.035343,0.223731,1024,CONIC
0.044463,0.085903,0.034729,0.165095,1024,CONIC
0.044263,0.088574,0.035133,0.167970,1024,CONIC
0.044486,0.086902,0.034706,0.166094,1024,CONIC
0.044628,0.086049,0.035789,0.166465,1024,CONIC
0.044644,0.087205,0.034320,0.166168,1024,CONIC
0.124569,0.086444,0.034928,0.245941,1024,CONIC
0.045128,0.089701,0.034615,0.169444,1024,CONIC
0.045665,0.087240,0.035256,0.168161,1024,CONIC
0.044266,0.088836,0.034254,0.167355,1024,CONIC
0.045483,0.087341,0.035488,0.168312,1024,CONIC
0.044527,0.089106,0.033882,0.167515,1024,CONIC
0.046091,0.089946,0.035108,0.171144,1024,CONIC
0.070893,0.086879,0.033569,0.191341,1024,CONIC
0.044179,0.089303,0.033777,0.167259,1024,CONIC
0.073943,0.091541,0.035292,0.200777,1024,CONIC
0.074781,0.089375,0.035958,0.200114,1024,CONIC
0.075726,0.090403,0.034060,0.200189,1024,CONIC
0.176111,0.086530,0.033133,0.295774,1024,CONIC
0.208304,0.089739,0.034785,0.332828,1024,CONIC
0.044880,0.087011,0.034859,0.166750,1024,CONIC
0.072694,0.091918,0.036231,0.200843,1024,CONIC
0.184600,0.089371,0.035483,0.309455,1024,CONIC
0.045850,0.090056,0.036261,0.172167,1024,CONIC
0.047542,0.089834,0.036597,0.173972,1024,CONIC
0.046158,0.088939,0.035861,0.170958,1024,CONIC
0.051757,0.090213,0.035631,0.177601,1024,CONIC
0.126197,0.087683,0.034642,0.248523,1024,CONIC
0.045534,0.086961,0.035035,0.167530,1024,CONIC
0.071319,0.091193,0.035597,0.198109,1024,CONIC
0.045713,0.089117,0.033635,0.168465,1024,CONIC
0.095721,0.088972,0.034081,0.218774,1024,CONIC
0.046481,0.086705,0.034180,0.167366,1024,CONIC
0.095962,0.085108,0.034879,0.215949,1024,CONIC
0.097728,0.088390,0.036351,0.222469,1024,CONIC
0.101917,0.087480,0.034582,0.223978,1024,CONIC
0.073924,0.089683,0.036198,0.199805,1024,CONIC
0.099007,0.087228,0.034882,0.221118,1024,CONIC
0.045572,0.089081,0.035642,0.170295,1024,CONIC
0.133435,0.088743,0.036083,0.258261,1024,CONIC
0.072870,0.090696,0.035850,0.199416,1024,CONIC
0.104684,0.091056,0.035988,0.231729,1024,CONIC
0.074404,0.086994,0.034303,0.195701,1024,CONIC
0.154792,0.087069,0.035458,0.277319,1024,CONIC
0.044862,0.087871,0.034506,0.167239,1024,CONIC
0.126968,0.087578,0.035805,0.250351,1024,CONIC
0.047293,0.086340,0.034704,0.168337,1024,CONIC
0.155698,0.085967,0.033999,0.275664,1024,CONIC
0.206185,0.090229,0.034657,0.331072,1024,CONIC
0.043817,0.085033,0.034754,0.163605,1024,CONIC
0.099002,0.085912,0.034176,0.219089,1024,CONIC
0.219848,0.262945,0.108941,0.591735,1536,CONIC
0.219079,0.282180,0.111489,0.612748,1536,CONIC
0.217396,0.272311,0.109859,0.599566,1536,CONIC
0.214043,0.274566,0.110953,0.599562,1536,CONIC
0.139111,0.309424,0.121255,0.569790,1536,CONIC
0.142083,0.273220,0.110556,0.525858,1536,CONIC
0.221258,0.273022,0.111300,0.605580,1536,CONIC
0.138063,0.275262,0.111976,0.525301,1536,CONIC
0.224901,0.272229,0.111592,0.608721,1536,CONIC
0.137321,0.278368,0.110813,0.526503,1536,CONIC
0.223154,0.276142,0.111280,0.610577,1536,CONIC
0.221455,0.275487,0.110054,0.606996,1536,CONIC
0.142264,0.275802,0.108399,0.526466,1536,CONIC
0.141635,0.274623,0.109530,0.525788,1536,CONIC
0.538174,0.275439,0.110910,0.924523,1536,CONIC
0.223911,0.265377,0.108361,0.597650,1536,CONIC
0.135877,0.273160,0.109236,0.518272,1536,CONIC
0.559204,0.274491,0.112540,0.946235,1536,CONIC
0.137440,0.278355,0.111184,0.526978,1536,CONIC
0.139237,0.270923,0.106480,0.516640,1536,CONIC
0.214898,0.263987,0.106363,0.585247,1536,CONIC
0.133870,0.274468,0.111486,0.519824,1536,CONIC
0.140389,0.275304,0.110822,0.526515,1536,CONIC
0.226686,0.282314,0.112555,0.621555,1536,CONIC
0.225338,0.276288,0.111291,0.612916,1536,CONIC
0.386734,0.274905,0.110150,0.771789,1536,CONIC
0.303536,0.273770,0.106112,0.683417,1536,CONIC
0.137431,0.275542,0.107580,0.520553,1536,CONIC
0.136700,0.273846,0.107720,0.518266,1536,CONIC
0.303469,0.269913,0.107401,0.680783,1536,CONIC
0.138450,0.265863,0.108448,0.512762,1536,CONIC
0.139239,0.275183,0.109628,0.524051,1536,CONIC
0.138512,0.278407,0.111935,0.528855,1536,CONIC
0.142355,0.273427,0.109789,0.525571,1536,CONIC
0.139716,0.267683,0.107369,0.514768,1536,CONIC
0.223695,0.271941,0.109797,0.605432,1536,CONIC
0.138870,0.271937,0.111236,0.522043,1536,CONIC
0.140921,0.267342,0.108386,0.516649,1536,CONIC
0.215403,0.273671,0.109800,0.598874,1536,CONIC
0.215077,0.267296,0.110204,0.592576,1536,CONIC
0.216041,0.268443,0.107750,0.592235,1536,CONIC
0.295029,0.269761,0.107538,0.672328,1536,CONIC
0.218230,0.272520,0.109716,0.600467,1536,CONIC
0.224228,0.262342,0.108292,0.594861,1536,CONIC
0.216044,0.262296,0.110702,0.589042,1536,CONIC
0.294606,0.263965,0.106140,0.664711,1536,CONIC
0.289753,0.265289,0.106299,0.661341,1536,CONIC
0.524769,0.270318,0.106716,0.901803,1536,CONIC
0.134766,0.261979,0.105855,0.502600,1536,CONIC
0.134256,0.266308,0.109980,0.510544,1536,CONIC
0.140766,0.270461,0.106868,0.518096,1536,CONIC
0.210810,0.261049,0.107567,0.579425,1536,CONIC
0.142169,0.271844,0.112098,0.526111,1536,CONIC
0.473943,0.276660,0.111027,0.861630,1536,CONIC
0.298812,0.267179,0.104889,0.670879,1536,CONIC
0.448930,0.263804,0.110496,0.823230,1536,CONIC
0.137562,0.272222,0.104942,0.514726,1536,CONIC
0.383516,0.262221,0.107192,0.752929,1536,CONIC
0.210284,0.261955,0.107727,0.579966,1536,CONIC
0.132578,0.261908,0.106346,0.500832,1536,CONIC
0.376312,0.265047,0.105701,0.747059,1536,CONIC
0.137269,0.274563,0.109768,0.521600,1536,CONIC
0.224440,0.270291,0.112623,0.607354,1536,CONIC
0.138412,0.276203,0.110120,0.524735,1536,CONIC
0.554757,0.272064,0.104830,0.931651,1536,CONIC
0.215621,0.275296,0.110983,0.601900,1536,CONIC
0.220503,0.273778,0.109406,0.603687,1536,CONIC
0.458952,0.262856,0.110867,0.832675,1536,CONIC
0.137745,0.268113,0.111117,0.516976,1536,CONIC
0.221960,0.268056,0.105663,0.595678,1536,CONIC
0.135730,0.269140,0.109215,0.514085,1536,CONIC
0.139671,0.274818,0.111008,0.525498,1536,CONIC
0.140083,0.264616,0.108292,0.512991,1536,CONIC
0.215222,0.270040,0.109966,0.595227,1536,CONIC
0.289572,0.267157,0.108185,0.664915,1536,CONIC
0.136007,0.275731,0.106921,0.518659,1536,CONIC
0.138459,0.266295,0.109480,0.514234,1536,CONIC
0.136214,0.268956,0.107433,0.512603,1536,CONIC
0.133597,0.264147,0.108537,0.506282,1536,CONIC
0.135535,0.272022,0.109154,0.516711,1536,CONIC
0.213599,0.268265,0.105969,0.587833,1536,CONIC
0.135106,0.285344,0.111175,0.531625,1536,CONIC
0.130175,0.323413,0.108552,0.562141,1536,CONIC
0.386481,0.272875,0.111060,0.770416,1536,CONIC
0.138689,0.273803,0.111307,0.523799,1536,CONIC
0.301041,0.274577,0.113150,0.688767,1536,CONIC
0.296479,0.263791,0.104648,0.664918,1536,CONIC
0.215930,0.274662,0.111282,0.601873,1536,CONIC
0.210235,0.262639,0.107426,0.580300,1536,CONIC
0.132984,0.275262,0.110583,0.518829,1536,CONIC
0.140629,0.274621,0.110330,0.525580,1536,CONIC
0.137656,0.304571,0.113082,0.555310,1536,CONIC
0.150931,0.278227,0.109862,0.539021,1536,CONIC
0.388998,0.274201,0.110645,0.773844,1536,CONIC
0.138271,0.272950,0.111906,0.523127,1536,CONIC
0.221724,0.272469,0.110635,0.604829,1536,CONIC
0.140818,0.279374,0.113412,0.533604,1536,CONIC
0.472759,0.274845,0.108524,0.856128,1536,CONIC
0.217607,0.273832,0.109240,0.600678,1536,CONIC
0.140893,0.276509,0.111242,0.528644,1536,CONIC
1.714658,3.365400,1.352511,6.432569,3840,CONIC
1.675677,3.368373,1.315324,6.359374,3840,CONIC
2.707804,3.411236,1.357006,7.476045,3840,CONIC
2.700979,3.354127,1.333938,7.389044,3840,CONIC
1.687857,3.394754,1.368828,6.451439,3840,CONIC
2.750496,3.289835,1.391687,7.432017,3840,CONIC
3.728257,3.349239,1.358870,8.436366,3840,CONIC
1.665347,3.358094,1.364542,6.387983,3840,CONIC
1.686152,3.342134,1.341274,6.369560,3840,CONIC
4.704139,3.370884,1.335524,9.410548,3840,CONIC
2.734734,3.313773,1.502839,7.551347,3840,CONIC
1.664133,3.328759,1.340338,6.333230,3840,CONIC
2.729589,3.399902,1.332838,7.462329,3840,CONIC
2.672668,3.392881,1.328019,7.393567,3840,CONIC
1.712329,3.298326,1.332941,6.343596,3840,CONIC
2.659995,3.401399,1.333039,7.394433,3840,CONIC
1.731115,3.368814,1.384159,6.484089,3840,CONIC
2.742341,3.308204,1.372891,7.423436,3840,CONIC
1.650178,3.405866,1.339867,6.395911,3840,CONIC
1.714575,3.387030,1.361466,6.463071,3840,CONIC
1.737678,3.344780,1.392325,6.474783,3840,CONIC
1.723067,3.352406,1.329515,6.404988,3840,CONIC
2.650330,3.292778,1.382979,7.326087,3840,CONIC
1.813889,3.331943,1.383746,6.529578,3840,CONIC
2.704858,3.379521,1.337314,7.421693,3840,CONIC
1.667784,3.443265,1.349715,6.460764,3840,CONIC
1.667633,3.374642,1.320170,6.362445,3840,CONIC
3.685536,3.350081,1.363822,8.399439,3840,CONIC
1.703803,3.370797,1.376438,6.451038,3840,CONIC
1.684751,3.310206,1.371614,6.366571,3840,CONIC
1.680327,3.307391,1.354855,6.342572,3840,CONIC
1.721031,3.357204,1.354391,6.432626,3840,CONIC
1.695563,3.374909,1.309615,6.380087,3840,CONIC
1.666349,3.407431,1.349694,6.423473,3840,CONIC
2.726800,3.302702,1.349771,7.379273,3840,CONIC
1.681105,3.385850,1.354443,6.421398,3840,CONIC
2.661109,3.298603,1.300571,7.260282,3840,CONIC
2.642438,3.382249,1.360036,7.384723,3840,CONIC
1.704956,3.302595,1.354798,6.362349,3840,CONIC
1.674517,3.386208,1.372778,6.433503,3840,CONIC
1.652435,3.298852,1.326665,6.277951,3840,CONIC
2.690820,3.412280,1.338443,7.441543,3840,CONIC
5.723916,3.311360,1.339560,10.374837,3840,CONIC
1.695601,3.358633,1.368592,6.422826,3840,CONIC
1.661257,3.407524,1.310626,6.379408,3840,CONIC
1.656640,3.334182,1.355280,6.346102,3840,CONIC
1.671003,3.333568,1.340190,6.344760,3840,CONIC
1.703000,3.372349,1.377336,6.452685,3840,CONIC
3.662366,3.412563,1.337257,8.412186,3840,CONIC
1.732622,3.355218,1.314303,6.402143,3840,CONIC
3.653719,3.403945,1.368304,8.425968,3840,CONIC
1.681479,3.383011,1.425809,6.490298,3840,CONIC
1.701280,3.376069,1.401723,6.479072,3840,CONIC
3.742204,3.360030,1.378687,8.480921,3840,CONIC
1.714846,3.397873,1.380737,6.493456,3840,CONIC
1.700260,3.309807,1.308615,6.318682,3840,CONIC
2.711088,3.379317,1.326577,7.416982,3840,CONIC
7.593459,3.313108,1.340839,12.247407,3840,CONIC
3.641158,3.264707,1.348993,8.254858,3840,CONIC
2.654947,3.396820,1.298750,7.350517,3840,CONIC
2.693809,3.349901,1.312993,7.356703,3840,CONIC
4.679180,3.398700,1.341811,9.419691,3840,CONIC
1.722026,3.301597,1.317580,6.341203,3840,CONIC
1.703489,3.325523,1.376746,6.405758,3840,CONIC
1.686860,3.344535,1.333284,6.364679,3840,CONIC
2.640903,3.315478,1.335840,7.292221,3840,CONIC
1.682963,3.318041,1.314309,6.315312,3840,CONIC
1.671658,3.360745,1.326375,6.358779,3840,CONIC
5.668287,3.316811,1.297653,10.282751,3840,CONIC
1.700142,3.317867,1.310470,6.328479,3840,CONIC
1.708071,3.372058,1.331239,6.411369,3840,CONIC
2.627080,3.304207,1.360825,7.292111,3840,CONIC
1.656628,3.342143,1.304527,6.303299,3840,CONIC
2.620295,3.387704,1.314798,7.322797,3840,CONIC
4.680113,3.334459,1.310087,9.324659,3840,CONIC
2.704630,3.340201,1.371885,7.416715,3840,CONIC
1.689769,3.375922,1.349230,6.414921,3840,CONIC
3.690689,3.282536,1.349185,8.322411,3840,CONIC
1.654690,3.300429,1.310400,6.265519,3840,CONIC
3.733304,3.381416,1.333890,8.448610,3840,CONIC
1.691421,3.385385,1.324686,6.401491,3840,CONIC
1.700708,3.410692,1.335871,6.447271,3840,CONIC
5.692599,3.333280,1.324341,10.350220,3840,CONIC
1.666138,3.326458,1.340588,6.333185,3840,CONIC
1.678537,3.317012,1.331806,6.327355,3840,CONIC
2.760417,3.284180,1.327894,7.372491,3840,CONIC
1.658325,3.350149,1.337350,6.345823,3840,CONIC
2.646569,3.339583,1.336946,7.323098,3840,CONIC
1.766087,3.304103,1.304414,6.374604,3840,CONIC
1.645701,3.270915,1.357933,6.274548,3840,CONIC
1.705924,3.348597,1.329022,6.383543,3840,CONIC
1.647148,3.382873,1.358202,6.388223,3840,CONIC
2.671383,3.329291,1.371093,7.371767,3840,CONIC
2.732982,3.338032,1.345331,7.416345,3840,CONIC
8.704866,3.358477,1.329375,13.392719,3840,CONIC
2.661947,3.325994,1.340664,7.328605,3840,CONIC
4.730975,3.253647,1.319511,9.304134,3840,CONIC
2.698474,3.325924,1.311103,7.335501,3840,CONIC
3.626601,3.293636,1.307128,8.227366,3840,CONIC
1.639135,3.331213,1.315074,6.285422,3840,CONIC
9.842992,22.761634,9.328931,41.933558,7680,CONIC
20.509173,22.659300,9.328372,52.496845,7680,CONIC
56.402679,22.697313,9.140401,88.240394,7680,CONIC
9.819299,22.625902,9.220693,41.665894,7680,CONIC
15.181112,22.598579,9.211251,46.990942,7680,CONIC
14.976691,22.761826,9.214377,46.952894,7680,CONIC
20.060846,22.688610,9.427969,52.177425,7680,CONIC
15.068694,22.811350,9.293620,47.173664,7680,CONIC
15.021934,22.891760,9.304193,47.217886,7680,CONIC
10.048378,22.945518,9.246739,42.240634,7680,CONIC
20.179115,22.752190,9.124458,52.055763,7680,CONIC
9.831691,22.910754,9.463009,42.205454,7680,CONIC
14.917504,22.545775,9.101117,46.564396,7680,CONIC
15.258831,22.819085,9.301204,47.379120,7680,CONIC
9.905237,22.806822,9.380615,42.092673,7680,CONIC
20.337050,22.700607,9.438355,52.476011,7680,CONIC
9.938373,22.485601,9.129653,41.553627,7680,CONIC
9.817957,22.823946,9.248746,41.890648,7680,CONIC
9.874662,22.689588,9.259536,41.823786,7680,CONIC
9.923186,22.774717,9.240129,41.938032,7680,CONIC
9.858442,22.540109,9.173795,41.572346,7680,CONIC
9.815985,22.906459,9.098851,41.821295,7680,CONIC
9.738373,22.794284,9.339064,41.871721,7680,CONIC
10.011661,22.577157,9.135328,41.724147,7680,CONIC
20.249123,22.624696,9.245490,52.119310,7680,CONIC
9.851527,22.647751,9.314753,41.814030,7680,CONIC
9.809173,22.813130,9.189858,41.812161,7680,CONIC
9.940260,22.784057,9.089392,41.813709,7680,CONIC
20.738453,22.683240,9.292830,52.714523,7680,CONIC
9.758451,22.733424,9.134399,41.626274,7680,CONIC
9.883658,22.619422,9.332066,41.835146,7680,CONIC
9.918789,22.862396,9.241110,42.022295,7680,CONIC
9.742881,22.989642,9.147398,41.879922,7680,CONIC
25.682575,22.751749,9.217504,57.651827,7680,CONIC
20.062179,22.783079,9.289043,52.134300,7680,CONIC
9.980976,22.904151,9.201106,42.086234,7680,CONIC
9.779600,22.720407,9.278571,41.778578,7680,CONIC
20.203072,22.840680,9.206102,52.249853,7680,CONIC
10.030678,22.719589,9.157412,41.907678,7680,CONIC
25.904455,22.837585,9.281978,58.024018,7680,CONIC
20.097051,104.958033,9.814204,134.869288,7680,CONIC
10.369118,23.859555,9.576087,43.804760,7680,CONIC
31.309516,23.046346,9.437519,63.793381,7680,CONIC
10.021537,23.541227,9.412933,42.975697,7680,CONIC
9.881240,23.190207,9.301705,42.373153,7680,CONIC
20.696137,23.165932,9.377749,53.239818,7680,CONIC
10.041773,23.105938,9.687767,42.835478,7680,CONIC
9.995680,23.800117,9.922193,43.717989,7680,CONIC
10.136945,23.387355,9.506229,43.030529,7680,CONIC
21.272307,23.532683,9.458426,54.263415,7680,CONIC
15.402749,23.443848,9.504944,48.351541,7680,CONIC
20.826602,23.316057,9.639696,53.782355,7680,CONIC
10.096000,23.345125,9.536857,42.977983,7680,CONIC
15.592488,23.265736,9.541564,48.399787,7680,CONIC
10.055766,23.301484,9.488036,42.845286,7680,CONIC
10.064787,23.649691,9.637056,43.351533,7680,CONIC
20.735416,23.266261,9.429258,53.430936,7680,CONIC
15.519864,23.364364,9.453441,48.337668,7680,CONIC
26.170172,23.348502,9.442897,58.961570,7680,CONIC
20.811590,23.361330,9.463265,53.636185,7680,CONIC
30.978853,22.816235,9.301374,63.096462,7680,CONIC
9.799613,22.656161,9.307940,41.763713,7680,CONIC
20.441996,22.804961,9.438693,52.685650,7680,CONIC
10.025946,22.787584,9.330520,42.144050,7680,CONIC
9.855909,22.501579,9.252044,41.609532,7680,CONIC
14.885420,22.579722,9.230011,46.695153,7680,CONIC
14.870670,22.599145,9.126413,46.596228,7680,CONIC
25.109825,22.491625,9.091952,56.693402,7680,CONIC
9.652791,22.484012,9.057416,41.194219,7680,CONIC
25.021687,22.504237,9.110519,56.636443,7680,CONIC
19.954790,22.271139,9.101131,51.327059,7680,CONIC
29.942507,22.300612,9.059410,61.302530,7680,CONIC
25.218824,22.322975,9.164706,56.706506,7680,CONIC
14.980283,22.359885,9.155756,46.495924,7680,CONIC
14.852328,22.375464,9.208127,46.435920,7680,CONIC
9.758306,22.310617,9.084040,41.152964,7680,CONIC
9.525473,22.407127,9.073269,41.005869,7680,CONIC
9.584681,22.289890,9.051038,40.925609,7680,CONIC
25.585952,22.644088,9.384685,57.614725,7680,CONIC
9.796858,22.684633,9.148051,41.629542,7680,CONIC
15.092716,22.760168,9.340044,47.192928,7680,CONIC
15.002726,22.603791,9.168676,46.775193,7680,CONIC
9.874442,22.976996,9.239661,42.091099,7680,CONIC
20.236676,22.984620,9.396459,52.617756,7680,CONIC
20.508345,22.639860,9.248371,52.396575,7680,CONIC
25.603074,22.848189,9.216551,57.667814,7680,CONIC
14.981332,22.711919,9.306377,46.999628,7680,CONIC
15.119977,22.813631,9.345995,47.279604,7680,CONIC
15.192824,23.031162,9.361938,47.585924,7680,CONIC
15.186606,22.735176,9.400475,47.322257,7680,CONIC
51.828221,22.831135,9.327333,83.986689,7680,CONIC
9.910435,22.901007,9.175500,41.986941,7680,CONIC
9.886906,22.785865,9.333961,42.006732,7680,CONIC
25.594256,22.919215,9.334728,57.848198,7680,CONIC
9.873681,22.696420,9.178427,41.748528,7680,CONIC
15.223466,22.836932,9.310708,47.371106,7680,CONIC
14.939711,23.064196,748.816042,786.819949,7680,CONIC
10.134863,22.686360,9.080699,41.901923,7680,CONIC
9.602395,22.647313,9.080932,41.330640,7680,CONIC
9.786255,22.558306,9.320966,41.665528,7680,CONIC
9.786255,0.013570,0.005785,9.805611,512,PROJ
9.786255,0.010877,0.005551,9.802683,512,PROJ
9.786255,0.010785,0.005825,9.802865,512,PROJ
9.786255,0.010495,0.005397,9.802147,512,PROJ
9.786255,0.010553,0.005414,9.802222,512,PROJ
9.786255,0.009952,0.005127,9.801334,512,PROJ
9.786255,0.009734,0.004946,9.800936,512,PROJ
9.786255,0.010195,0.005130,9.801581,512,PROJ
9.786255,0.009953,0.005093,9.801301,512,PROJ
9.786255,0.009865,0.005108,9.801229,512,PROJ
9.786255,0.009762,0.004982,9.801000,512,PROJ
9.786255,0.009959,0.005224,9.801439,512,PROJ
9.786255,0.010528,0.005449,9.802233,512,PROJ
9.786255,0.010455,0.005240,9.801950,512,PROJ
9.786255,0.010117,0.005020,9.801393,512,PROJ
9.786255,0.009869,0.005074,9.801199,512,PROJ
9.786255,0.010143,0.005122,9.801521,512,PROJ
9.786255,0.010043,0.004999,9.801297,512,PROJ
9.786255,0.009731,0.004953,9.800940,512,PROJ
9.786255,0.009705,0.004964,9.800925,512,PROJ
9.786255,0.009989,0.005246,9.801491,512,PROJ
9.786255,0.010312,0.005094,9.801661,512,PROJ
9.786255,0.010031,0.005244,9.801531,512,PROJ
9.786255,0.009819,0.005058,9.801132,512,PROJ
9.786255,0.009790,0.005133,9.801179,512,PROJ
9.786255,0.009440,0.005034,9.800730,512,PROJ
9.786255,0.010152,0.005231,9.801638,512,PROJ
9.786255,0.009800,0.005001,9.801057,512,PROJ
9.786255,0.009749,0.005044,9.801048,512,PROJ
9.786255,0.009840,0.005006,9.801102,512,PROJ
9.786255,0.009880,0.005075,9.801211,512,PROJ
9.786255,0.009892,0.005191,9.801339,512,PROJ
9.786255,0.010003,0.005074,9.801333,512,PROJ
9.786255,0.010463,0.005200,9.801918,512,PROJ
9.786255,0.010195,0.005112,9.801562,512,PROJ
9.786255,0.010790,0.004937,9.801982,512,PROJ
9.786255,0.010590,0.005159,9.802005,512,PROJ
9.786255,0.009900,0.005153,9.801308,512,PROJ
9.786255,0.010012,0.004885,9.801152,512,PROJ
9.786255,0.009886,0.004995,9.801137,512,PROJ
9.786255,0.009873,0.004891,9.801019,512,PROJ
9.786255,0.011038,0.005334,9.802627,512,PROJ
9.786255,0.010568,0.005372,9.802196,512,PROJ
9.786255,0.009992,0.005232,9.801479,512,PROJ
9.786255,0.009987,0.005151,9.801394,512,PROJ
9.786255,0.009776,0.005088,9.801119,512,PROJ
9.786255,0.009806,0.004938,9.801000,512,PROJ
9.786255,0.009991,0.005091,9.801337,512,PROJ
9.786255,0.009607,0.004895,9.800757,512,PROJ
9.786255,0.009622,0.005197,9.801074,512,PROJ
9.786255,0.009975,0.005017,9.801248,512,PROJ
9.786255,0.009885,0.005052,9.801192,512,PROJ
9.786255,0.009985,0.005031,9.801271,512,PROJ
9.786255,0.009792,0.005059,9.801106,512,PROJ
9.786255,0.011438,0.005204,9.802898,512,PROJ
9.786255,0.010398,0.005292,9.801945,512,PROJ
9.786255,0.010146,0.005159,9.801560,512,PROJ
9.786255,0.010100,0.005108,9.801463,512,PROJ
9.786255,0.010487,0.005358,9.802100,512,PROJ
9.786255,0.010234,0.005675,9.802164,512,PROJ
9.786255,0.010691,0.005507,9.802453,512,PROJ
9.786255,0.010545,0.005440,9.802241,512,PROJ
9.786255,0.010321,0.004900,9.801476,512,PROJ
9.786255,0.010022,0.005267,9.801544,512,PROJ
9.786255,0.010255,0.005311,9.801821,512,PROJ
9.786255,0.010073,0.005256,9.801585,512,PROJ
9.786255,0.009718,0.004977,9.800951,512,PROJ
9.786255,0.009569,0.004973,9.800798,512,PROJ
9.786255,0.009702,0.004908,9.800866,512,PROJ
9.786255,0.009598,0.004900,9.800753,512,PROJ
9.786255,0.009645,0.005026,9.800927,512,PROJ
9.786255,0.009715,0.004897,9.800867,512,PROJ
9.786255,0.009579,0.004913,9.800748,512,PROJ
9.786255,0.009676,0.005128,9.801060,512,PROJ
9.786255,0.009897,0.005255,9.801407,512,PROJ
9.786255,0.010157,0.005081,9.801493,512,PROJ
9.786255,0.009717,0.005164,9.801136,512,PROJ
9.786255,0.009629,0.004945,9.800829,512,PROJ
9.786255,0.009852,0.005006,9.801114,512,PROJ
9.786255,0.009579,0.004790,9.800624,512,PROJ
9.786255,0.009455,0.004782,9.800493,512,PROJ
9.786255,0.009975,0.005101,9.801331,512,PROJ
9.786255,0.010573,0.005408,9.802237,512,PROJ
9.786255,0.010216,0.005384,9.801856,512,PROJ
9.786255,0.010703,0.005469,9.802427,512,PROJ
9.786255,0.010689,0.005353,9.802297,512,PROJ
9.786255,0.011575,0.005380,9.803210,512,PROJ
9.786255,0.010527,0.005340,9.802123,512,PROJ
9.786255,0.010485,0.005382,9.802122,512,PROJ
9.786255,0.010414,0.005409,9.802078,512,PROJ
9.786255,0.010371,0.005296,9.801923,512,PROJ
9.786255,0.010494,0.005342,9.802091,512,PROJ
9.786255,0.010300,0.005469,9.802025,512,PROJ
9.786255,0.010348,0.005248,9.801852,512,PROJ
9.786255,0.010444,0.005240,9.801939,512,PROJ
9.786255,0.010617,0.005583,9.802456,512,PROJ
9.786255,0.010802,0.005319,9.802376,512,PROJ
9.786255,0.010616,0.005210,9.802081,512,PROJ
9.786255,0.010594,0.005290,9.802139,512,PROJ
9.786255,0.010469,0.005386,9.802110,512,PROJ
9.786255,0.058103,0.028862,9.873220,1024,PROJ
9.786255,0.054142,0.026885,9.867283,1024,PROJ
9.786255,0.053135,0.026784,9.866174,1024,PROJ
9.786255,0.056904,0.027214,9.870373,1024,PROJ
9.786255,0.053734,0.027472,9.867462,1024,PROJ
9.786255,0.054212,0.028075,9.868543,1024,PROJ
9.786255,0.055528,0.027695,9.869479,1024,PROJ
9.786255,0.055754,0.027229,9.869238,1024,PROJ
9.786255,0.053875,0.027074,9.867204,1024,PROJ
9.786255,0.054839,0.027250,9.868345,1024,PROJ
9.786255,0.052852,0.026695,9.865803,1024,PROJ
9.786255,0.054471,0.027936,9.868662,1024,PROJ
9.786255,0.056145,0.027147,9.869548,1024,PROJ
9.786255,0.058581,0.028708,9.873545,1024,PROJ
9.786255,0.054846,0.027057,9.868158,1024,PROJ
9.786255,0.053238,0.028268,9.867762,1024,PROJ
9.786255,0.053561,0.027249,9.867065,1024,PROJ
9.786255,0.055078,0.027654,9.868987,1024,PROJ
9.786255,0.054104,0.027813,9.868173,1024,PROJ
9.786255,0.056797,0.029358,9.872411,1024,PROJ
9.786255,0.059261,0.029841,9.875357,1024,PROJ
9.786255,0.060163,0.030318,9.876736,1024,PROJ
9.786255,0.058136,0.029941,9.874333,1024,PROJ
9.786255,0.064884,0.030747,9.881886,1024,PROJ
9.786255,0.056862,0.029697,9.872814,1024,PROJ
9.786255,0.059542,0.030808,9.876605,1024,PROJ
9.786255,0.058301,0.029072,9.873628,1024,PROJ
9.786255,0.058484,0.029666,9.874406,1024,PROJ
9.786255,0.062315,0.030318,9.878888,1024,PROJ
9.786255,0.067291,0.033483,9.887030,1024,PROJ
9.786255,0.059472,0.031072,9.876799,1024,PROJ
9.786255,0.063614,0.030439,9.880309,1024,PROJ
9.786255,0.061710,0.030218,9.878184,1024,PROJ
9.786255,0.059408,0.033005,9.878669,1024,PROJ
9.786255,0.061345,0.033869,9.881470,1024,PROJ
9.786255,0.091897,0.035728,9.913881,1024,PROJ
9.786255,0.060909,0.030908,9.878073,1024,PROJ
9.786255,0.059436,0.029799,9.875491,1024,PROJ
9.786255,0.057151,0.029645,9.873051,1024,PROJ
9.786255,0.060851,0.029668,9.876775,1024,PROJ
9.786255,0.058127,0.029952,9.874334,1024,PROJ
9.786255,0.058338,0.029795,9.874389,1024,PROJ
9.786255,0.054561,0.035144,9.875960,1024,PROJ
9.786255,0.064972,0.031096,9.882324,1024,PROJ
9.786255,0.061900,0.031110,9.879265,1024,PROJ
9.786255,0.059654,0.029979,9.875889,1024,PROJ
9.786255,0.060722,0.030845,9.877823,1024,PROJ
9.786255,0.060214,0.031223,9.877693,1024,PROJ
9.786255,0.061200,0.031607,9.879062,1024,PROJ
9.786255,0.060661,0.029544,9.876461,1024,PROJ
9.786255,0.058554,0.029043,9.873853,1024,PROJ
9.786255,0.059136,0.032182,9.877574,1024,PROJ
9.786255,0.060904,0.028826,9.875985,1024,PROJ
9.786255,0.055887,0.028644,9.870786,1024,PROJ
9.786255,0.055652,0.027753,9.869660,1024,PROJ
9.786255,0.057341,0.028845,9.872441,1024,PROJ
9.786255,0.058828,0.030169,9.875253,1024,PROJ
9.786255,0.059845,0.030854,9.876954,1024,PROJ
9.786255,0.059194,0.030195,9.875644,1024,PROJ
9.786255,0.059364,0.030543,9.876162,1024,PROJ
9.786255,0.058299,0.028621,9.873175,1024,PROJ
9.786255,0.058867,0.029671,9.874793,1024,PROJ
9.786255,0.058159,0.029056,9.873471,1024,PROJ
9.786255,0.057284,0.029109,9.872648,1024,PROJ
9.786255,0.057178,0.028843,9.872277,1024,PROJ
9.786255,0.059201,0.028943,9.874400,1024,PROJ
9.786255,0.058259,0.030321,9.874836,1024,PROJ
9.786255,0.057100,0.028779,9.872134,1024,PROJ
9.786255,0.058071,0.028620,9.872946,1024,PROJ
9.786255,0.057074,0.028929,9.872259,1024,PROJ
9.786255,0.056527,0.028137,9.870919,1024,PROJ
9.786255,0.058774,0.029350,9.874379,1024,PROJ
9.786255,0.059501,0.028800,9.874556,1024,PROJ
9.786255,0.052543,0.026831,9.865630,1024,PROJ
9.786255,0.056764,0.027476,9.870495,1024,PROJ
9.786255,0.053024,0.027048,9.866327,1024,PROJ
9.786255,0.056804,0.029260,9.872319,1024,PROJ
9.786255,0.056356,0.028889,9.871500,1024,PROJ
9.786255,0.057276,0.028818,9.872350,1024,PROJ
9.786255,0.055767,0.028723,9.870746,1024,PROJ
9.786255,0.056084,0.028955,9.871295,1024,PROJ
9.786255,0.056505,0.028988,9.871748,1024,PROJ
9.786255,0.057683,0.028630,9.872568,1024,PROJ
9.786255,0.056883,0.028720,9.871858,1024,PROJ
9.786255,0.057392,0.030184,9.873831,1024,PROJ
9.786255,0.059130,0.029095,9.874480,1024,PROJ
9.786255,0.053030,0.027415,9.866700,1024,PROJ
9.786255,0.053435,0.026647,9.866338,1024,PROJ
9.786255,0.055686,0.027878,9.869820,1024,PROJ
9.786255,0.054146,0.027537,9.867938,1024,PROJ
9.786255,0.057452,0.027559,9.871266,1024,PROJ
9.786255,0.056709,0.029084,9.872049,1024,PROJ
9.786255,0.055520,0.027202,9.868978,1024,PROJ
9.786255,0.062350,0.050039,9.898644,1024,PROJ
9.786255,0.059038,0.029391,9.874684,1024,PROJ
9.786255,0.058592,0.029617,9.874464,1024,PROJ
9.786255,0.059248,0.029483,9.874987,1024,PROJ
9.786255,0.058427,0.029632,9.874315,1024,PROJ
9.786255,0.059119,0.029342,9.874716,1024,PROJ
9.786255,0.056147,0.027280,9.869683,1024,PROJ
9.786255,0.169543,0.087849,10.043647,1536,PROJ
9.786255,0.176717,0.086741,10.049713,1536,PROJ
9.786255,0.171922,0.080281,10.038459,1536,PROJ
9.786255,0.164699,0.079633,10.030587,1536,PROJ
9.786255,0.176618,0.088694,10.051567,1536,PROJ
9.786255,0.176937,0.091419,10.054611,1536,PROJ
9.786255,0.185786,0.086779,10.058820,1536,PROJ
9.786255,0.172781,0.086495,10.045532,1536,PROJ
9.786255,0.181849,0.092165,10.060270,1536,PROJ
9.786255,0.177412,0.089088,10.052755,1536,PROJ
9.786255,0.178146,0.089065,10.053467,1536,PROJ
9.786255,0.174795,0.088776,10.049827,1536,PROJ
9.786255,0.177057,0.090750,10.054063,1536,PROJ
9.786255,0.178234,0.090765,10.055255,1536,PROJ
9.786255,0.173952,0.087499,10.047707,1536,PROJ
9.786255,0.166033,0.089111,10.041399,1536,PROJ
9.786255,0.162998,0.081625,10.030879,1536,PROJ
9.786255,0.162967,0.082263,10.031485,1536,PROJ
9.786255,0.163258,0.086623,10.036137,1536,PROJ
9.786255,0.164224,0.081313,10.031792,1536,PROJ
9.786255,0.162454,0.085909,10.034618,1536,PROJ
9.786255,0.164955,0.081627,10.032837,1536,PROJ
9.786255,0.169805,0.082761,10.038821,1536,PROJ
9.786255,0.164135,0.081844,10.032235,1536,PROJ
9.786255,0.166046,0.080896,10.033197,1536,PROJ
9.786255,0.163959,0.080942,10.031156,1536,PROJ
9.786255,0.173096,0.086601,10.045953,1536,PROJ
9.786255,0.172950,0.082158,10.041363,1536,PROJ
9.786255,0.162025,0.083751,10.032032,1536,PROJ
9.786255,0.173966,0.090433,10.050654,1536,PROJ
9.786255,0.164258,0.081442,10.031956,1536,PROJ
9.786255,0.160214,0.082090,10.028560,1536,PROJ
9.786255,0.171959,0.081904,10.040118,1536,PROJ
9.786255,0.167629,0.080551,10.034435,1536,PROJ
9.786255,0.179299,0.086841,10.052396,1536,PROJ
9.786255,0.161332,0.083496,10.031084,1536,PROJ
9.786255,0.170244,0.085695,10.042194,1536,PROJ
9.786255,0.175865,0.088182,10.050302,1536,PROJ
9.786255,0.180918,0.091223,10.058397,1536,PROJ
9.786255,0.178146,0.086655,10.051056,1536,PROJ
9.786255,0.177511,0.092118,10.055884,1536,PROJ
9.786255,0.216322,0.088079,10.090657,1536,PROJ
9.786255,0.187792,0.093862,10.067909,1536,PROJ
9.786255,0.179392,0.089527,10.055174,1536,PROJ
9.786255,0.176593,0.082570,10.045419,1536,PROJ
9.786255,0.173803,0.084763,10.044821,1536,PROJ
9.786255,0.166249,0.083332,10.035836,1536,PROJ
9.786255,0.162722,0.084232,10.033210,1536,PROJ
9.786255,0.166466,0.082421,10.035143,1536,PROJ
9.786255,0.166024,0.084433,10.036713,1536,PROJ
9.786255,0.172182,0.088691,10.047129,1536,PROJ
9.786255,0.163778,0.080046,10.030079,1536,PROJ
9.786255,0.164631,0.081260,10.032146,1536,PROJ
9.786255,0.162965,0.081989,10.031210,1536,PROJ
9.786255,0.159687,0.080002,10.025944,1536,PROJ
9.786255,0.159396,0.081523,10.027174,1536,PROJ
9.786255,0.176575,0.092424,10.055254,1536,PROJ
9.786255,0.176088,0.089513,10.051856,1536,PROJ
9.786255,0.171817,0.088369,10.046442,1536,PROJ
9.786255,0.190890,0.100291,10.077436,1536,PROJ
9.786255,0.186604,0.091794,10.064653,1536,PROJ
9.786255,0.184524,0.089017,10.059797,1536,PROJ
9.786255,0.174311,0.086795,10.047362,1536,PROJ
9.786255,0.172075,0.087092,10.045423,1536,PROJ
9.786255,0.166155,0.083061,10.035472,1536,PROJ
9.786255,0.165374,0.087121,10.038751,1536,PROJ
9.786255,0.172552,0.081353,10.040160,1536,PROJ
9.786255,0.176308,0.087989,10.050553,1536,PROJ
9.786255,0.173407,0.082432,10.042095,1536,PROJ
9.786255,0.165321,0.085420,10.036997,1536,PROJ
9.786255,0.164159,0.082293,10.032707,1536,PROJ
9.786255,0.165952,0.082679,10.034886,1536,PROJ
9.786255,0.165705,0.082246,10.034206,1536,PROJ
9.786255,0.162127,0.081197,10.029580,1536,PROJ
9.786255,0.167329,0.081258,10.034843,1536,PROJ
9.786255,0.164605,0.085037,10.035898,1536,PROJ
9.786255,0.174662,0.085183,10.046100,1536,PROJ
9.786255,0.169505,0.081929,10.037689,1536,PROJ
9.786255,0.162621,0.086310,10.035187,1536,PROJ
9.786255,0.167592,0.082655,10.036502,1536,PROJ
9.786255,0.166819,0.081704,10.034778,1536,PROJ
9.786255,0.161833,0.084559,10.032647,1536,PROJ
9.786255,0.160586,0.080636,10.027477,1536,PROJ
9.786255,0.157946,0.082870,10.027071,1536,PROJ
9.786255,0.173256,0.081907,10.041419,1536,PROJ
9.786255,0.163614,0.082073,10.031942,1536,PROJ
9.786255,0.165745,0.088430,10.040430,1536,PROJ
9.786255,0.180391,0.089149,10.055795,1536,PROJ
9.786255,0.175278,0.088137,10.049670,1536,PROJ
9.786255,0.178186,0.088640,10.053082,1536,PROJ
9.786255,0.175445,0.093427,10.055128,1536,PROJ
9.786255,0.187167,0.089516,10.062938,1536,PROJ
9.786255,0.185746,0.092484,10.064486,1536,PROJ
9.786255,0.186114,0.091287,10.063657,1536,PROJ
9.786255,0.182625,0.091148,10.060029,1536,PROJ
9.786255,0.185804,0.091625,10.063684,1536,PROJ
9.786255,0.177718,0.091983,10.055957,1536,PROJ
9.786255,0.183931,0.090560,10.060746,1536,PROJ
9.786255,0.181094,0.088067,10.055416,1536,PROJ
9.786255,0.165922,0.081068,10.033246,1536,PROJ
9.786255,2.094924,1.003105,12.884285,3840,PROJ
9.786255,2.125445,1.020836,12.932536,3840,PROJ
9.786255,2.090911,1.004476,12.881642,3840,PROJ
9.786255,2.124009,1.044644,12.954909,3840,PROJ
9.786255,2.080725,1.014328,12.881308,3840,PROJ
9.786255,2.054457,1.045932,12.886644,3840,PROJ
9.786255,2.119543,1.069980,12.975778,3840,PROJ
9.786255,2.050426,1.067284,12.903966,3840,PROJ
9.786255,2.082834,1.074201,12.943290,3840,PROJ
9.786255,2.115265,1.021479,12.923000,3840,PROJ
9.786255,2.023263,1.029359,12.838878,3840,PROJ
9.786255,2.144008,1.048241,12.978505,3840,PROJ
9.786255,2.051627,1.051158,12.889040,3840,PROJ
9.786255,2.079319,1.040721,12.906295,3840,PROJ
9.786255,2.013674,1.018508,12.818437,3840,PROJ
9.786255,2.113708,1.070277,12.970240,3840,PROJ
9.786255,2.129035,1.050336,12.965627,3840,PROJ
9.786255,2.063624,1.052414,12.902293,3840,PROJ
9.786255,2.097117,1.047987,12.931359,3840,PROJ
9.786255,2.034336,1.079483,12.900075,3840,PROJ
9.786255,2.055100,1.028810,12.870166,3840,PROJ
9.786255,2.057245,1.082224,12.925725,3840,PROJ
9.786255,2.025869,1.027758,12.839882,3840,PROJ
9.786255,2.077836,1.026909,12.891000,3840,PROJ
9.786255,2.082034,1.051849,12.920138,3840,PROJ
9.786255,2.155275,1.028863,12.970394,3840,PROJ
9.786255,2.112907,1.062108,12.961270,3840,PROJ
9.786255,2.093171,1.052645,12.932072,3840,PROJ
9.786255,2.116820,1.027737,12.930813,3840,PROJ
9.786255,2.071786,1.008382,12.866424,3840,PROJ
9.786255,2.062148,1.082682,12.931085,3840,PROJ
9.786255,2.145571,1.056889,12.988715,3840,PROJ
9.786255,2.088171,1.032263,12.906689,3840,PROJ
9.786255,2.080353,1.070644,12.937252,3840,PROJ
9.786255,2.090683,1.045607,12.922546,3840,PROJ
9.786255,2.088119,1.042025,12.916399,3840,PROJ
9.786255,2.101390,1.033485,12.921131,3840,PROJ
9.786255,2.077365,1.025302,12.888923,3840,PROJ
9.786255,2.100658,1.021048,12.907962,3840,PROJ
9.786255,2.069852,1.036019,12.892126,3840,PROJ
9.786255,2.045789,1.025635,12.857679,3840,PROJ
9.786255,2.098487,1.075762,12.960505,3840,PROJ
9.786255,2.087490,1.044636,12.918382,3840,PROJ
9.786255,2.054897,1.030418,12.871571,3840,PROJ
9.786255,2.087416,1.043212,12.916883,3840,PROJ
9.786255,2.129453,1.074686,12.990394,3840,PROJ
9.786255,2.121906,1.009102,12.917264,3840,PROJ
9.786255,2.101014,1.022305,12.909575,3840,PROJ
9.786255,2.225894,1.060775,13.072924,3840,PROJ
9.786255,2.095630,1.076756,12.958642,3840,PROJ
9.786255,2.130364,1.037235,12.953855,3840,PROJ
9.786255,2.088854,1.083895,12.959005,3840,PROJ
9.786255,2.082557,1.037791,12.906604,3840,PROJ
9.786255,2.052347,1.028800,12.867403,3840,PROJ
9.786255,2.146819,1.218084,13.151159,3840,PROJ
9.786255,2.305167,1.158459,13.249882,3840,PROJ
9.786255,2.227380,1.147565,13.161201,3840,PROJ
9.786255,2.380044,1.197221,13.363521,3840,PROJ
9.786255,2.486697,1.206134,13.479086,3840,PROJ
9.786255,2.463553,1.219047,13.468855,3840,PROJ
9.786255,2.388163,1.208765,13.383184,3840,PROJ
9.786255,2.415061,1.252682,13.453998,3840,PROJ
9.786255,2.401758,1.210735,13.398748,3840,PROJ
9.786255,2.480355,1.238634,13.505245,3840,PROJ
9.786255,2.293831,1.202478,13.282564,3840,PROJ
9.786255,2.415002,1.200340,13.401597,3840,PROJ
9.786255,2.412012,1.222643,13.420910,3840,PROJ
9.786255,2.397701,1.198067,13.382024,3840,PROJ
9.786255,2.386560,1.204586,13.377402,3840,PROJ
9.786255,2.409171,1.206600,13.402027,3840,PROJ
9.786255,2.380375,1.213158,13.379789,3840,PROJ
9.786255,2.391008,1.279210,13.456474,3840,PROJ
9.786255,2.385278,1.197661,13.369195,3840,PROJ
9.786255,2.404302,1.231557,13.422115,3840,PROJ
9.786255,2.383998,1.199217,13.369471,3840,PROJ
9.786255,2.397839,1.200526,13.384621,3840,PROJ
9.786255,2.373911,1.192734,13.352900,3840,PROJ
9.786255,2.373461,1.194453,13.354170,3840,PROJ
9.786255,2.394853,1.192981,13.374089,3840,PROJ
9.786255,2.393903,1.190208,13.370367,3840,PROJ
9.786255,2.392999,1.193511,13.372765,3840,PROJ
9.786255,2.370253,1.197374,13.353883,3840,PROJ
9.786255,2.395412,1.203060,13.384728,3840,PROJ
9.786255,2.635039,1.241063,13.662358,3840,PROJ
9.786255,2.430326,1.273255,13.489836,3840,PROJ
9.786255,2.386390,1.216529,13.389174,3840,PROJ
9.786255,2.388140,1.198406,13.372801,3840,PROJ
9.786255,2.390039,1.194891,13.371186,3840,PROJ
9.786255,2.365729,1.182135,13.334119,3840,PROJ
9.786255,2.412804,1.195560,13.394620,3840,PROJ
9.786255,2.421025,1.194760,13.402041,3840,PROJ
9.786255,2.382989,1.189958,13.359202,3840,PROJ
9.786255,2.414790,1.209127,13.410172,3840,PROJ
9.786255,2.387925,1.217578,13.391758,3840,PROJ
9.786255,2.399011,1.176098,13.361365,3840,PROJ
9.786255,2.367931,1.186369,13.340556,3840,PROJ
9.786255,2.463875,1.192496,13.442627,3840,PROJ
9.786255,2.398084,1.182339,13.366679,3840,PROJ
9.786255,2.392830,1.202440,13.381526,3840,PROJ
9.786255,2.384947,1.187015,13.358217,3840,PROJ
9.786255,16.709768,8.358506,34.854530,7680,PROJ
9.786255,16.724957,8.313563,34.824775,7680,PROJ
9.786255,16.734311,9.555876,36.076443,7680,PROJ
9.786255,17.004899,8.472743,35.263898,7680,PROJ
9.786255,16.761124,8.409224,34.956604,7680,PROJ
9.786255,16.597141,8.497009,34.880406,7680,PROJ
9.786255,16.871995,8.304052,34.962303,7680,PROJ
9.786255,16.671199,8.357713,34.815167,7680,PROJ
9.786255,14.781322,7.379449,31.947027,7680,PROJ
9.786255,14.690771,7.384020,31.861046,7680,PROJ
9.786255,14.637581,7.317582,31.741418,7680,PROJ
9.786255,14.806332,7.400019,31.992607,7680,PROJ
9.786255,14.622309,7.427354,31.835919,7680,PROJ
9.786255,14.680103,7.357601,31.823960,7680,PROJ
9.786255,14.741297,7.264260,31.791813,7680,PROJ
9.786255,14.553244,7.294380,31.633879,7680,PROJ
9.786255,14.788120,7.353756,31.928131,7680,PROJ
9.786255,14.765973,7.383079,31.935308,7680,PROJ
9.786255,14.697439,7.347192,31.830886,7680,PROJ
9.786255,14.624373,7.355057,31.765686,7680,PROJ
9.786255,14.763733,7.220541,31.770530,7680,PROJ
9.786255,14.443525,7.258762,31.488542,7680,PROJ
9.786255,14.562128,7.316547,31.664930,7680,PROJ
9.786255,14.657572,7.421409,31.865236,7680,PROJ
9.786255,14.534613,7.292986,31.613854,7680,PROJ
9.786255,14.638290,7.284929,31.709474,7680,PROJ
9.786255,14.490321,7.444039,31.720615,7680,PROJ
9.786255,14.521774,7.366983,31.675012,7680,PROJ
9.786255,14.639036,7.201350,31.626642,7680,PROJ
9.786255,14.537260,7.382705,31.706220,7680,PROJ
9.786255,14.710903,7.173333,31.670492,7680,PROJ
9.786255,14.454961,7.376560,31.617776,7680,PROJ
9.786255,14.635014,7.297710,31.718980,7680,PROJ
9.786255,14.501806,7.449072,31.737133,7680,PROJ
9.786255,14.662797,7.344171,31.793223,7680,PROJ
9.786255,14.666429,7.271268,31.723952,7680,PROJ
9.786255,14.613901,7.153301,31.553457,7680,PROJ
9.786255,14.662208,7.311255,31.759718,7680,PROJ
9.786255,14.483971,7.369603,31.639829,7680,PROJ
9.786255,14.550651,7.166317,31.503223,7680,PROJ
9.786255,14.630189,7.314051,31.730495,7680,PROJ
9.786255,14.564592,7.227624,31.578472,7680,PROJ
9.786255,14.700964,7.309569,31.796788,7680,PROJ
9.786255,14.569873,7.305492,31.661621,7680,PROJ
9.786255,14.525755,7.298641,31.610651,7680,PROJ
9.786255,14.579311,7.338283,31.703849,7680,PROJ
9.786255,14.619432,7.209386,31.615073,7680,PROJ
9.786255,14.704733,7.262359,31.753347,7680,PROJ
9.786255,14.681208,7.341565,31.809028,7680,PROJ
9.786255,14.687830,7.268529,31.742614,7680,PROJ
9.786255,14.563540,7.301974,31.651769,7680,PROJ
9.786255,14.535700,7.244034,31.565990,7680,PROJ
9.786255,14.802806,7.420383,32.009445,7680,PROJ
9.786255,14.724707,7.315029,31.825991,7680,PROJ
9.786255,14.789406,7.300072,31.875734,7680,PROJ
9.786255,14.754577,7.275760,31.816593,7680,PROJ
9.786255,14.686426,7.240620,31.713302,7680,PROJ
9.786255,14.667703,7.336464,31.790423,7680,PROJ
9.786255,14.611736,7.240257,31.638248,7680,PROJ
9.786255,14.503840,7.257632,31.547728,7680,PROJ
9.786255,14.558543,7.271479,31.616277,7680,PROJ
9.786255,14.613676,7.228139,31.628070,7680,PROJ
9.786255,14.667016,7.356099,31.809371,7680,PROJ
9.786255,14.910081,7.283104,31.979440,7680,PROJ
9.786255,14.510857,7.333742,31.630855,7680,PROJ
9.786255,14.482636,7.194370,31.463262,7680,PROJ
9.786255,14.755745,7.350250,31.892250,7680,PROJ
9.786255,14.579989,7.365614,31.731859,7680,PROJ
9.786255,351.457200,7.918971,369.162426,7680,PROJ
9.786255,15.085218,7.202010,32.073483,7680,PROJ
9.786255,14.861319,7.544058,32.191632,7680,PROJ
9.786255,14.588708,7.292303,31.667267,7680,PROJ
9.786255,14.568365,7.291730,31.646350,7680,PROJ
9.786255,14.647256,7.362484,31.795995,7680,PROJ
9.786255,14.170410,7.211538,31.168204,7680,PROJ
9.786255,14.495455,7.095137,31.376847,7680,PROJ
9.786255,14.314787,7.039528,31.140571,7680,PROJ
9.786255,14.468835,7.053743,31.308833,7680,PROJ
9.786255,14.329466,7.150838,31.266560,7680,PROJ
9.786255,14.198089,7.231473,31.215818,7680,PROJ
9.786255,14.214352,7.096678,31.097285,7680,PROJ
9.786255,14.304141,7.083067,31.173463,7680,PROJ
9.786255,14.247372,7.224229,31.257856,7680,PROJ
9.786255,14.325701,7.103827,31.215783,7680,PROJ
9.786255,14.787497,7.234224,31.807977,7680,PROJ
9.786255,14.245022,7.176443,31.207721,7680,PROJ
9.786255,14.151348,7.080401,31.018004,7680,PROJ
9.786255,14.117963,7.116064,31.020283,7680,PROJ
9.786255,14.464939,7.129298,31.380493,7680,PROJ
9.786255,14.330781,7.138920,31.255957,7680,PROJ
9.786255,14.456344,7.223499,31.466098,7680,PROJ
9.786255,14.541931,7.039353,31.367540,7680,PROJ
9.786255,14.530322,7.359037,31.675615,7680,PROJ
9.786255,14.484072,7.258824,31.529151,7680,PROJ
9.786255,14.575855,7.347443,31.709554,7680,PROJ
9.786255,14.800539,7.340466,31.927261,7680,PROJ
9.786255,14.565179,7.308073,31.659508,7680,PROJ
9.786255,14.876990,7.316882,31.980128,7680,PROJ
9.786255,14.994349,7.490237,32.270841,7680,PROJ
9.786255,14.692607,7.236368,31.715231,7680,PROJ
0.004512,0.008836,0.002798,0.016146,512,PISO
0.006243,0.007707,0.002702,0.016651,512,PISO
0.003970,0.008636,0.002801,0.015407,512,PISO
0.016340,0.007700,0.002833,0.026873,512,PISO
0.013996,0.008073,0.002722,0.024792,512,PISO
0.004095,0.007927,0.002717,0.014739,512,PISO
0.006036,0.007610,0.002783,0.016429,512,PISO
0.003993,0.007745,0.002734,0.014473,512,PISO
0.006048,0.007779,0.002756,0.016583,512,PISO
0.004000,0.007697,0.002760,0.014457,512,PISO
0.006007,0.007728,0.002725,0.016460,512,PISO
0.007929,0.007781,0.002696,0.018406,512,PISO
0.003998,0.007701,0.002679,0.014378,512,PISO
0.004054,0.007712,0.002725,0.014490,512,PISO
0.004051,0.007750,0.002738,0.014540,512,PISO
0.007868,0.007743,0.002710,0.018321,512,PISO
0.004062,0.007927,0.002700,0.014689,512,PISO
0.004056,0.007717,0.002727,0.014500,512,PISO
0.004051,0.007717,0.002745,0.014513,512,PISO
0.004060,0.007733,0.002730,0.014523,512,PISO
0.007934,0.007751,0.002705,0.018390,512,PISO
0.005958,0.007795,0.002733,0.016486,512,PISO
0.004063,0.007700,0.002762,0.014525,512,PISO
0.006016,0.007490,0.002785,0.016290,512,PISO
0.005948,0.008495,0.002648,0.017090,512,PISO
0.003924,0.007855,0.002728,0.014507,512,PISO
0.010025,0.007715,0.002743,0.020483,512,PISO
0.004146,0.007997,0.002727,0.014870,512,PISO
0.007902,0.007605,0.002736,0.018244,512,PISO
0.004005,0.007830,0.002676,0.014511,512,PISO
0.004047,0.007679,0.002711,0.014437,512,PISO
0.006058,0.007838,0.002777,0.016673,512,PISO
0.005923,0.008123,0.002728,0.016774,512,PISO
0.004026,0.007519,0.002747,0.014292,512,PISO
0.004063,0.007941,0.003121,0.015124,512,PISO
0.007992,0.007932,0.002864,0.018788,512,PISO
0.005929,0.007844,0.002885,0.016658,512,PISO
0.007926,0.007892,0.002655,0.018473,512,PISO
0.003965,0.007830,0.002724,0.014519,512,PISO
0.003945,0.007818,0.002741,0.014504,512,PISO
0.004009,0.007538,0.002808,0.014355,512,PISO
0.004078,0.007835,0.002754,0.014667,512,PISO
0.004076,0.007570,0.002723,0.014369,512,PISO
0.004002,0.007533,0.002714,0.014249,512,PISO
0.003983,0.007738,0.002655,0.014376,512,PISO
0.003951,0.007889,0.002723,0.014563,512,PISO
0.004072,0.007763,0.002738,0.014573,512,PISO
0.009823,0.007804,0.002738,0.020365,512,PISO
0.004066,0.007714,0.002706,0.014486,512,PISO
0.004083,0.007616,0.002756,0.014455,512,PISO
0.013819,0.007702,0.002795,0.024316,512,PISO
0.005727,0.007867,0.002697,0.016292,512,PISO
0.004025,0.007622,0.002711,0.014358,512,PISO
0.004021,0.007613,0.002761,0.014395,512,PISO
0.003980,0.007492,0.002730,0.014202,512,PISO
0.006039,0.007750,0.002866,0.016655,512,PISO
0.004415,0.007753,0.002700,0.014868,512,PISO
0.006205,0.007612,0.002772,0.016590,512,PISO
0.006219,0.007728,0.002679,0.016626,512,PISO
0.006081,0.007648,0.002715,0.016444,512,PISO
0.005998,0.007664,0.002701,0.016364,512,PISO
0.006013,0.007586,0.002746,0.016346,512,PISO
0.005984,0.007626,0.002719,0.016328,512,PISO
0.012409,0.007979,0.002691,0.023080,512,PISO
0.004073,0.008250,0.002853,0.015176,512,PISO
0.006038,0.007850,0.002727,0.016615,512,PISO
0.004033,0.007951,0.002792,0.014775,512,PISO
0.004026,0.007648,0.002716,0.014389,512,PISO
0.007851,0.007779,0.002695,0.018325,512,PISO
0.006172,0.007718,0.002719,0.016608,512,PISO
0.008080,0.007508,0.002771,0.018358,512,PISO
0.005966,0.007628,0.002723,0.016318,512,PISO
0.006013,0.007506,0.002690,0.016210,512,PISO
0.003943,0.007717,0.002702,0.014361,512,PISO
0.004105,0.007674,0.002803,0.014582,512,PISO
0.006058,0.007563,0.002752,0.016373,512,PISO
0.008021,0.007684,0.002707,0.018412,512,PISO
0.004016,0.007408,0.002760,0.014184,512,PISO
0.003963,0.007527,0.002678,0.014168,512,PISO
0.008015,0.007504,0.002795,0.018314,512,PISO
0.007875,0.007704,0.002742,0.018321,512,PISO
0.003913,0.007567,0.002692,0.014172,512,PISO
0.003993,0.007643,0.002733,0.014370,512,PISO
0.005945,0.007545,0.002699,0.016189,512,PISO
0.003948,0.007860,0.002755,0.014563,512,PISO
0.007932,0.007663,0.002673,0.018269,512,PISO
0.003963,0.007652,0.002882,0.014497,512,PISO
0.016112,0.007605,0.002700,0.026417,512,PISO
0.006275,0.007584,0.002657,0.016516,512,PISO
0.004089,0.007759,0.002675,0.014523,512,PISO
0.004057,0.008407,0.002779,0.015244,512,PISO
0.003961,0.007684,0.002726,0.014371,512,PISO
0.004023,0.007673,0.002652,0.014348,512,PISO
0.009805,0.007770,0.002725,0.020300,512,PISO
0.003977,0.007808,0.002719,0.014504,512,PISO
0.004036,0.007621,0.002713,0.014370,512,PISO
0.004024,0.007683,0.002656,0.014363,512,PISO
0.005963,0.007850,0.002714,0.016527,512,PISO
0.005986,0.007836,0.002684,0.016506,512,PISO
0.004041,0.007608,0.002737,0.014386,512,PISO
0.020951,0.043270,0.014736,0.078956,1024,PISO
0.020342,0.042364,0.014346,0.077053,1024,PISO
0.040342,0.042985,0.014540,0.097867,1024,PISO
0.020120,0.043419,0.014432,0.077971,1024,PISO
0.020401,0.041835,0.014438,0.076673,1024,PISO
0.030412,0.042620,0.014381,0.087413,1024,PISO
0.020369,0.042585,0.014578,0.077531,1024,PISO
0.040722,0.041622,0.014099,0.096444,1024,PISO
0.039240,0.039776,0.013602,0.092619,1024,PISO
0.068554,0.042214,0.014543,0.125312,1024,PISO
0.040544,0.042705,0.014519,0.097768,1024,PISO
0.040134,0.042415,0.014362,0.096912,1024,PISO
0.072001,0.041358,0.013819,0.127178,1024,PISO
0.057409,0.042044,0.014183,0.113636,1024,PISO
0.039518,0.041191,0.013679,0.094388,1024,PISO
0.019067,0.039733,0.013449,0.072249,1024,PISO
0.046983,0.039835,0.013272,0.100090,1024,PISO
0.029320,0.042347,0.014344,0.086012,1024,PISO
0.038937,0.040085,0.013587,0.092609,1024,PISO
0.030100,0.042375,0.013646,0.086121,1024,PISO
0.019387,0.040029,0.013848,0.073263,1024,PISO
0.029764,0.043080,0.014311,0.087154,1024,PISO
0.040131,0.042901,0.014533,0.097565,1024,PISO
0.040880,0.042705,0.014539,0.098125,1024,PISO
0.020252,0.042818,0.015170,0.078241,1024,PISO
0.020259,0.042268,0.014341,0.076868,1024,PISO
0.030217,0.042275,0.014398,0.086890,1024,PISO
0.050196,0.042431,0.014376,0.107002,1024,PISO
0.030474,0.042772,0.014790,0.088037,1024,PISO
0.040840,0.042792,0.014333,0.097965,1024,PISO
0.020350,0.041922,0.014545,0.076817,1024,PISO
0.030302,0.042866,0.014487,0.087656,1024,PISO
0.020345,0.042076,0.014553,0.076974,1024,PISO
0.020182,0.042007,0.014150,0.076339,1024,PISO
0.041116,0.043822,0.015014,0.099952,1024,PISO
0.020793,0.043762,0.015092,0.079647,1024,PISO
0.051531,0.044992,0.015155,0.111678,1024,PISO
0.031461,0.044469,0.015423,0.091353,1024,PISO
0.031457,0.044690,0.015032,0.091178,1024,PISO
0.031284,0.044982,0.015579,0.091845,1024,PISO
0.043058,0.045165,0.014999,0.103222,1024,PISO
0.021803,0.045395,0.015083,0.082281,1024,PISO
0.022068,0.045019,0.015251,0.082338,1024,PISO
0.022362,0.044461,0.015018,0.081841,1024,PISO
0.021712,0.046012,0.015427,0.083152,1024,PISO
0.022631,0.044857,0.015011,0.082499,1024,PISO
0.020552,0.044698,0.014489,0.079739,1024,PISO
0.050773,0.043586,0.014355,0.108714,1024,PISO
0.030113,0.042358,0.015390,0.087860,1024,PISO
0.022042,0.058958,0.020012,0.101011,1024,PISO
0.035023,0.048906,0.015709,0.099638,1024,PISO
0.045584,0.050290,0.015159,0.111034,1024,PISO
0.064244,0.045199,0.016340,0.125782,1024,PISO
0.043251,0.044678,0.015126,0.103054,1024,PISO
0.032751,0.042981,0.014819,0.090550,1024,PISO
0.052808,0.045009,0.015166,0.112983,1024,PISO
0.033047,0.046367,0.014852,0.094266,1024,PISO
0.063536,0.045168,0.014945,0.123649,1024,PISO
0.032549,0.044285,0.015209,0.092042,1024,PISO
0.031963,0.047109,0.015505,0.094577,1024,PISO
0.021207,0.045321,0.015116,0.081644,1024,PISO
0.021371,0.044051,0.015109,0.080532,1024,PISO
0.021169,0.043376,0.014652,0.079197,1024,PISO
0.020866,0.042805,0.014955,0.078625,1024,PISO
0.020965,0.043966,0.015151,0.080082,1024,PISO
0.021359,0.043967,0.015055,0.080382,1024,PISO
0.020917,0.043696,0.014643,0.079256,1024,PISO
0.030279,0.041669,0.015160,0.087108,1024,PISO
0.053394,0.044646,0.014975,0.113015,1024,PISO
0.031044,0.042816,0.014589,0.088449,1024,PISO
0.031200,0.044465,0.014889,0.090555,1024,PISO
0.021458,0.082139,0.021768,0.125365,1024,PISO
0.036756,0.048378,0.014548,0.099682,1024,PISO
0.020585,0.043079,0.014367,0.078031,1024,PISO
0.039442,0.042261,0.014063,0.095766,1024,PISO
0.042671,0.045555,0.015182,0.103408,1024,PISO
0.021258,0.045527,0.014581,0.081365,1024,PISO
0.020176,0.042799,0.014447,0.077422,1024,PISO
0.020238,0.041449,0.013973,0.075660,1024,PISO
0.019909,0.041352,0.014075,0.075336,1024,PISO
0.019745,0.042104,0.014506,0.076355,1024,PISO
0.021155,0.044264,0.014918,0.080337,1024,PISO
0.030774,0.042333,0.014076,0.087183,1024,PISO
0.029559,0.042217,0.014047,0.085822,1024,PISO
0.019813,0.040832,0.014015,0.074659,1024,PISO
0.038994,0.041489,0.013885,0.094367,1024,PISO
0.019512,0.040613,0.013880,0.074005,1024,PISO
0.038864,0.043157,0.015981,0.098002,1024,PISO
0.041395,0.044629,0.014800,0.100824,1024,PISO
0.030933,0.042719,0.013630,0.087282,1024,PISO
0.019331,0.040011,0.013550,0.072892,1024,PISO
0.019598,0.041478,0.013846,0.074922,1024,PISO
0.019287,0.039976,0.013677,0.072939,1024,PISO
0.029062,0.040739,0.013848,0.083649,1024,PISO
0.028924,0.040902,0.013838,0.083664,1024,PISO
0.019753,0.043074,0.014421,0.077247,1024,PISO
0.029853,0.040700,0.013382,0.083935,1024,PISO
0.075796,0.039682,0.013711,0.129189,1024,PISO
0.038185,0.040948,0.014584,0.093717,1024,PISO
0.020253,0.042030,0.014119,0.076403,1024,PISO
0.058574,0.130556,0.041565,0.230695,1536,PISO
0.054814,0.133028,0.045075,0.232918,1536,PISO
0.120538,0.134608,0.044896,0.300042,1536,PISO
0.091293,0.136263,0.046141,0.273697,1536,PISO
0.087126,0.128542,0.044851,0.260519,1536,PISO
0.091305,0.131585,0.043510,0.266400,1536,PISO
0.058267,0.128354,0.043332,0.229952,1536,PISO
0.088037,0.135493,0.045130,0.268660,1536,PISO
0.118612,0.134195,0.044533,0.297340,1536,PISO
0.060446,0.134149,0.045379,0.239974,1536,PISO
0.061669,0.138075,0.044437,0.244181,1536,PISO
0.060461,0.136667,0.044936,0.242063,1536,PISO
0.151515,0.133464,0.045119,0.330098,1536,PISO
0.185592,0.142367,0.048235,0.376193,1536,PISO
0.094636,0.137121,0.045841,0.277598,1536,PISO
0.063327,0.137700,0.044553,0.245579,1536,PISO
0.058411,0.129591,0.043646,0.231648,1536,PISO
0.057877,0.128421,0.043126,0.229424,1536,PISO
0.085119,0.135924,0.043903,0.264946,1536,PISO
0.059119,0.130318,0.043570,0.233007,1536,PISO
0.058341,0.130709,0.044882,0.233932,1536,PISO
0.087792,0.124668,0.043385,0.255845,1536,PISO
0.056961,0.127418,0.043648,0.228027,1536,PISO
0.059374,0.132783,0.042856,0.235014,1536,PISO
0.115728,0.130911,0.043103,0.289742,1536,PISO
0.058386,0.130448,0.043627,0.232462,1536,PISO
0.115898,0.132265,0.041997,0.290159,1536,PISO
0.083712,0.126137,0.042434,0.252283,1536,PISO
0.057308,0.130147,0.043238,0.230693,1536,PISO
0.085405,0.125512,0.041855,0.252772,1536,PISO
0.083475,0.129412,0.043830,0.256717,1536,PISO
0.173554,0.129990,0.043452,0.346996,1536,PISO
0.058654,0.128660,0.043326,0.230641,1536,PISO
0.057987,0.130414,0.043002,0.231403,1536,PISO
0.174529,0.128808,0.043615,0.346952,1536,PISO
0.058464,0.130276,0.043854,0.232595,1536,PISO
0.059659,0.123897,0.040569,0.224125,1536,PISO
0.054315,0.122585,0.040923,0.217823,1536,PISO
0.082992,0.131043,0.043069,0.257104,1536,PISO
0.144399,0.132217,0.043745,0.320360,1536,PISO
0.058731,0.129267,0.043453,0.231451,1536,PISO
0.086890,0.129920,0.043503,0.260313,1536,PISO
0.059287,0.128254,0.043266,0.230806,1536,PISO
0.058201,0.131436,0.043692,0.233330,1536,PISO
0.059450,0.129024,0.041576,0.230050,1536,PISO
0.055284,0.121659,0.041219,0.218162,1536,PISO
0.113171,0.126286,0.041491,0.280948,1536,PISO
0.055667,0.124432,0.041381,0.221481,1536,PISO
0.057927,0.130252,0.042094,0.230272,1536,PISO
0.084442,0.124825,0.042130,0.251397,1536,PISO
0.057080,0.132354,0.044834,0.234268,1536,PISO
0.059575,0.132032,0.041246,0.232853,1536,PISO
0.055891,0.129714,0.042292,0.227897,1536,PISO
0.082810,0.124383,0.040734,0.247928,1536,PISO
0.055666,0.127461,0.046133,0.229260,1536,PISO
0.059575,0.128236,0.042003,0.229814,1536,PISO
0.084653,0.127797,0.044177,0.256627,1536,PISO
0.085842,0.127772,0.041840,0.255453,1536,PISO
0.058894,0.128435,0.045485,0.232813,1536,PISO
0.118533,0.134936,0.043291,0.296759,1536,PISO
0.058481,0.130511,0.043618,0.232610,1536,PISO
0.058050,0.131051,0.043180,0.232281,1536,PISO
0.086609,0.132095,0.043220,0.261925,1536,PISO
0.087182,0.131950,0.043278,0.262409,1536,PISO
0.058689,0.132697,0.043732,0.235118,1536,PISO
0.116549,0.129112,0.043490,0.289151,1536,PISO
0.144385,0.131049,0.043435,0.318868,1536,PISO
0.087430,0.131773,0.043659,0.262863,1536,PISO
0.058168,0.130223,0.043459,0.231850,1536,PISO
0.259993,0.129764,0.043346,0.433102,1536,PISO
0.087458,0.129485,0.043731,0.260675,1536,PISO
0.058686,0.129668,0.043475,0.231829,1536,PISO
0.058557,0.128879,0.043716,0.231152,1536,PISO
0.115194,0.127530,0.043541,0.286265,1536,PISO
0.202290,0.129574,0.043745,0.375609,1536,PISO
0.060125,0.131439,0.044964,0.236528,1536,PISO
0.085183,0.122542,0.043366,0.251091,1536,PISO
0.058240,0.128766,0.041180,0.228186,1536,PISO
0.056932,0.129532,0.043131,0.229595,1536,PISO
0.058780,0.129544,0.043514,0.231838,1536,PISO
0.057772,0.129337,0.042789,0.229898,1536,PISO
0.058524,0.134181,0.043338,0.236043,1536,PISO
0.056988,0.124465,0.041362,0.222815,1536,PISO
0.055335,0.126372,0.042500,0.224207,1536,PISO
0.110352,0.122620,0.041446,0.274418,1536,PISO
0.055351,0.125327,0.044421,0.225099,1536,PISO
0.057539,0.122779,0.041607,0.221925,1536,PISO
0.055699,0.123782,0.043218,0.222699,1536,PISO
0.086258,0.129723,0.042843,0.258824,1536,PISO
0.055286,0.123488,0.041544,0.220317,1536,PISO
0.116828,0.130016,0.043045,0.289889,1536,PISO
0.058537,0.127783,0.044820,0.231140,1536,PISO
0.087116,0.130024,0.043414,0.260553,1536,PISO
0.058173,0.129567,0.044099,0.231839,1536,PISO
0.059145,0.134379,0.043410,0.236935,1536,PISO
0.174022,0.129312,0.043074,0.346408,1536,PISO
0.174187,0.132031,0.043275,0.349493,1536,PISO
0.058738,0.130742,0.043849,0.233329,1536,PISO
0.087477,0.130566,0.043890,0.261932,1536,PISO
0.088026,0.128655,0.042967,0.259649,1536,PISO
1.455157,1.599206,0.536492,3.590855,3840,PISO
1.803075,1.594959,0.515533,3.913567,3840,PISO
1.049103,1.590115,0.527124,3.166342,3840,PISO
1.053907,1.602325,0.522732,3.178965,3840,PISO
1.051118,1.617131,0.517013,3.185263,3840,PISO
1.046892,1.621487,0.516960,3.185339,3840,PISO
1.081881,1.591056,0.516792,3.189729,3840,PISO
0.713522,1.566557,0.520987,2.801066,3840,PISO
1.407520,1.648521,0.528066,3.584107,3840,PISO
0.727289,1.588640,0.535528,2.851456,3840,PISO
1.456304,1.618134,0.523142,3.597580,3840,PISO
0.699909,1.595982,0.536633,2.832523,3840,PISO
1.054462,1.594427,0.512034,3.160923,3840,PISO
1.079336,1.655634,0.534945,3.269915,3840,PISO
1.435873,1.611867,0.518876,3.566616,3840,PISO
0.711172,1.610167,0.525242,2.846581,3840,PISO
0.725633,1.603342,0.534220,2.863194,3840,PISO
1.030610,1.582108,0.533954,3.146672,3840,PISO
0.697860,1.609491,0.531990,2.839342,3840,PISO
1.034572,1.582454,0.514068,3.131094,3840,PISO
0.690177,1.573288,0.511053,2.774517,3840,PISO
0.690693,1.574759,0.532840,2.798292,3840,PISO
1.064907,1.583768,0.517188,3.165863,3840,PISO
1.390917,1.616138,0.513578,3.520633,3840,PISO
0.699827,1.668244,0.530639,2.898710,3840,PISO
1.087188,1.622610,0.522468,3.232266,3840,PISO
0.702466,1.574706,0.517803,2.794976,3840,PISO
1.051994,1.577267,0.527726,3.156988,3840,PISO
1.069357,1.616858,0.540059,3.226274,3840,PISO
1.405749,1.609384,0.537360,3.552493,3840,PISO
1.073094,1.584205,0.521335,3.178634,3840,PISO
1.416516,1.578972,0.518337,3.513825,3840,PISO
0.692242,1.571601,0.511775,2.775618,3840,PISO
1.033920,1.591464,0.518291,3.143675,3840,PISO
1.796666,1.567390,0.526334,3.890389,3840,PISO
0.728402,1.617155,0.521086,2.866644,3840,PISO
0.696848,1.624421,0.513540,2.834809,3840,PISO
0.691826,1.556334,0.521075,2.769235,3840,PISO
0.729339,1.608620,0.525676,2.863635,3840,PISO
1.426816,1.590921,0.524764,3.542501,3840,PISO
0.687332,1.544721,0.534491,2.766544,3840,PISO
1.731617,1.604100,0.539583,3.875301,3840,PISO
1.083398,1.613323,0.505830,3.202551,3840,PISO
1.034621,1.625521,0.534272,3.194413,3840,PISO
1.789491,1.592587,0.517221,3.899299,3840,PISO
1.448491,1.577472,0.535730,3.561693,3840,PISO
0.729473,1.583798,0.515678,2.828949,3840,PISO
0.689460,1.590901,0.512810,2.793171,3840,PISO
0.725660,1.559035,0.523735,2.808430,3840,PISO
1.447310,1.575202,0.523252,3.545763,3840,PISO
1.059142,1.646396,0.539899,3.245437,3840,PISO
1.064455,1.577774,0.523176,3.165404,3840,PISO
1.064086,1.574647,0.539063,3.177796,3840,PISO
1.073566,1.574056,0.539991,3.187614,3840,PISO
1.032138,1.548086,0.514811,3.095036,3840,PISO
1.391501,1.582168,0.518000,3.491670,3840,PISO
1.051529,1.611890,0.525989,3.189409,3840,PISO
1.370872,1.609902,0.537802,3.518576,3840,PISO
0.730299,1.618360,0.540886,2.889545,3840,PISO
0.694686,1.591632,0.539702,2.826019,3840,PISO
0.727741,1.643320,0.542168,2.913228,3840,PISO
0.722901,1.613712,0.511801,2.848415,3840,PISO
0.702113,1.584121,0.520553,2.806788,3840,PISO
1.052858,1.629639,0.514260,3.196756,3840,PISO
1.384932,1.594638,0.536390,3.515960,3840,PISO
0.724040,1.598504,0.514944,2.837487,3840,PISO
1.044509,1.654925,0.539399,3.238833,3840,PISO
0.729554,1.612157,0.522645,2.864356,3840,PISO
0.715854,1.586287,0.512831,2.814971,3840,PISO
0.690923,1.749311,0.605761,3.045995,3840,PISO
1.872496,1.793063,0.648843,4.314402,3840,PISO
0.745659,1.710065,0.605954,3.061678,3840,PISO
0.827697,1.658021,0.524724,3.010442,3840,PISO
1.435237,1.598956,0.521732,3.555925,3840,PISO
1.804293,1.600735,0.531264,3.936292,3840,PISO
1.096333,1.632236,0.511616,3.240185,3840,PISO
1.040106,1.570718,0.519975,3.130799,3840,PISO
0.719755,1.608533,0.508852,2.837140,3840,PISO
1.412107,1.652578,0.519737,3.584422,3840,PISO
0.700345,1.550583,0.516227,2.767154,3840,PISO
1.392592,1.595563,0.567344,3.555498,3840,PISO
1.094639,1.609987,0.526838,3.231463,3840,PISO
1.047796,1.639340,0.531502,3.218638,3840,PISO
1.425072,1.631238,0.528911,3.585222,3840,PISO
0.702184,1.582851,0.519629,2.804665,3840,PISO
1.052754,1.598305,0.537576,3.188636,3840,PISO
1.424907,1.583212,0.518653,3.526772,3840,PISO
0.699085,1.615958,0.512933,2.827976,3840,PISO
0.699502,1.618557,0.518625,2.836684,3840,PISO
0.725516,1.576368,0.519822,2.821706,3840,PISO
1.055245,1.595675,0.519434,3.170353,3840,PISO
1.087912,1.598670,0.511545,3.198128,3840,PISO
0.691257,1.597584,0.522627,2.811468,3840,PISO
0.698539,1.575285,0.521570,2.795394,3840,PISO
1.738512,1.592893,0.507307,3.838713,3840,PISO
0.702202,1.592739,0.537550,2.832491,3840,PISO
1.087251,1.609152,0.508316,3.204720,3840,PISO
0.697940,1.583890,0.517930,2.799761,3840,PISO
1.407695,1.600260,0.536682,3.544637,3840,PISO
0.699962,1.573213,0.521047,2.794221,3840,PISO
7.483608,10.771874,3.626930,21.882411,7680,PISO
5.944197,10.916293,3.723734,20.584224,7680,PISO
4.220530,10.834086,3.787428,18.842044,7680,PISO
5.949769,10.868317,3.689591,20.507678,7680,PISO
4.139852,10.906932,3.685720,18.732504,7680,PISO
4.198851,10.710323,3.683889,18.593064,7680,PISO
4.233705,10.807097,3.710883,18.751685,7680,PISO
5.883694,10.903745,3.646827,20.434265,7680,PISO
4.211675,10.778063,3.652033,18.641772,7680,PISO
7.550179,10.799531,3.646854,21.996564,7680,PISO
5.902402,10.973794,3.698766,20.574962,7680,PISO
9.363676,10.948572,3.637979,23.950227,7680,PISO
5.933308,11.024105,3.707465,20.664879,7680,PISO
5.875911,10.832554,3.761917,20.470382,7680,PISO
9.385477,10.883273,3.829547,24.098296,7680,PISO
9.397830,10.909429,3.669598,23.976857,7680,PISO
5.916190,10.880093,3.580420,20.376703,7680,PISO
4.201204,10.776373,3.784910,18.762487,7680,PISO
5.964846,10.648217,3.685015,20.298078,7680,PISO
7.460200,10.772113,3.676715,21.909029,7680,PISO
4.097421,10.859365,3.614993,18.571780,7680,PISO
4.161610,10.900393,3.690052,18.752054,7680,PISO
5.838655,10.766029,3.662847,20.267531,7680,PISO
7.545953,11.015262,3.624721,22.185937,7680,PISO
9.317886,10.784275,3.744998,23.847159,7680,PISO
4.118827,10.828523,3.673581,18.620930,7680,PISO
4.203928,10.754235,3.743970,18.702133,7680,PISO
7.505393,10.811812,3.708761,22.025966,7680,PISO
7.623635,10.952260,3.733321,22.309216,7680,PISO
7.781705,10.859522,3.718579,22.359805,7680,PISO
4.203331,10.770677,3.743873,18.717882,7680,PISO
5.898820,10.923486,3.636862,20.459168,7680,PISO
5.863635,10.761475,3.632484,20.257593,7680,PISO
4.235966,10.817998,3.635394,18.689357,7680,PISO
4.232432,10.661119,3.677358,18.570909,7680,PISO
4.217168,10.794231,3.664594,18.675993,7680,PISO
4.211078,10.758144,3.652837,18.622060,7680,PISO
4.187614,10.980644,3.688475,18.856732,7680,PISO
4.174390,10.849436,3.704273,18.728099,7680,PISO
4.124482,10.793267,3.685933,18.603681,7680,PISO
5.921043,10.817388,3.669011,20.407442,7680,PISO
9.235582,10.924472,3.599559,23.759613,7680,PISO
12.623870,10.979862,3.728391,27.332123,7680,PISO
4.142825,10.876529,3.694894,18.714248,7680,PISO
7.469094,10.856321,3.649508,21.974923,7680,PISO
4.166961,10.902991,3.642420,18.712372,7680,PISO
5.834458,10.986940,3.649633,20.471031,7680,PISO
11.023498,10.836421,3.623921,25.483841,7680,PISO
5.881462,10.937172,3.718155,20.536789,7680,PISO
4.251201,10.719735,3.645699,18.616635,7680,PISO
7.567962,10.714728,3.628372,21.911062,7680,PISO
4.206041,10.896121,3.620068,18.722230,7680,PISO
4.238950,10.875388,3.635392,18.749731,7680,PISO
9.148595,10.756254,3.703603,23.608453,7680,PISO
7.630979,10.859437,3.635795,22.126212,7680,PISO
7.642480,10.943934,3.634357,22.220771,7680,PISO
5.832231,10.827923,3.680797,20.340950,7680,PISO
4.219400,10.752208,3.620126,18.591734,7680,PISO
4.191233,10.688982,3.647467,18.527682,7680,PISO
4.236772,10.904888,3.659922,18.801581,7680,PISO
4.294277,10.848748,3.680061,18.823086,7680,PISO
4.151219,10.888160,3.610224,18.649604,7680,PISO
4.236031,10.755500,3.716285,18.707816,7680,PISO
5.890668,10.809842,3.641897,20.342408,7680,PISO
5.779348,10.724437,3.680732,20.184517,7680,PISO
4.326053,10.789442,3.675095,18.790591,7680,PISO
11.147674,10.705213,3.632994,25.485881,7680,PISO
4.148770,10.737960,3.674258,18.560989,7680,PISO
7.624733,10.921713,3.623393,22.169838,7680,PISO
7.451617,10.995727,3.647761,22.095105,7680,PISO
10.965694,10.750847,3.605989,25.322530,7680,PISO
7.494950,10.901287,3.728106,22.124343,7680,PISO
4.245013,10.846765,3.624528,18.716306,7680,PISO
5.899705,10.833249,3.640577,20.373531,7680,PISO
4.156340,10.964864,3.713772,18.834975,7680,PISO
4.180645,10.942499,3.618504,18.741648,7680,PISO
4.216508,10.705075,3.725200,18.646783,7680,PISO
5.956496,10.918884,3.770495,20.645875,7680,PISO
4.219741,10.758131,3.656264,18.634136,7680,PISO
4.157597,10.765908,3.610737,18.534242,7680,PISO
7.524259,10.770536,3.645248,21.940043,7680,PISO
4.319637,11.078626,3.650841,19.049104,7680,PISO
4.166969,10.830312,3.651312,18.648592,7680,PISO
5.914671,10.839978,3.669390,20.424039,7680,PISO
5.908431,10.919820,3.653616,20.481866,7680,PISO
5.845189,10.947453,3.613767,20.406409,7680,PISO
14.280849,10.823748,3.675175,28.779771,7680,PISO
4.225106,11.010541,3.683355,18.919002,7680,PISO
4.281047,10.731537,3.658570,18.671154,7680,PISO
5.898528,10.884513,3.732000,20.515040,7680,PISO
4.081806,10.833151,3.642595,18.557552,7680,PISO
5.955139,10.655314,3.634439,20.244892,7680,PISO
5.840873,10.772600,3.637869,20.251342,7680,PISO
7.553726,10.962515,3.659772,22.176013,7680,PISO
5.895856,10.792689,3.635788,20.324333,7680,PISO
7.310593,10.753715,3.641891,21.706199,7680,PISO
4.113908,10.689763,3.628283,18.431955,7680,PISO
4.027919,10.645277,3.582160,18.255356,7680,PISO
4.066922,10.932950,3.526621,18.526493,7680,PISO
4.057952,10.909337,3.555253,18.522542,7680,PISO
